[
  {
    "id": "o-menino-que-carregava-agua-na-peneira",
    "titulo": "O Menino que Carregava Água na Peneira",
    "ano": 2025,
    "tipo": "Longa/ficção",
    "papel": "Produção",
    "status": "Em produção",
    "descricao": "Primeiro longa-metragem de ficção do Vale do Araguaia, inspirado em poemas de Manoel de Barros. Integra a trilogia 'Alice dos Anjos' (dir. Daniel Leite Almeida).",
    "locacoes": "Parque da Serra Azul; rios Garças e Araguaia; área rural de Barra do Garças e General Carneiro (MT)",
    "parceiros": "Distribuição: Umbuzeiro Filmes",
    "links": [
      {
        "titulo": "Notícia — Olhar Conceito (12/08/2025)",
        "url": "https://www.olharconceito.com.br/noticias/exibir.asp?id=25730&noticia=vale-do-araguaia-e-cenario-de-gravacoes-do-primeiro-longa-da-regiao-o-menino-que-carregava-agua-na-peneira"
      },
      {
        "titulo": "Notícia — Panorâma Coletivo (12/08/2025)",
        "url": "https://www.panoramacoletivo.com/noticia/vale-do-araguaia-e-cenario-de-gravacoes-de-filme-profissional-o-menino-que-carregava-agua-na-peneira"
      },
      {
        "titulo": "Notícia — Semana7 (11/06/2025)",
        "url": "https://www.semana7.com.br/variedade/primeira-etapa-das-gravacoes-de-filme-de-ficcao-do-vale-do-araguaia-e-finalizada/75379"
      },
      {
        "titulo": "Notícia — Tribuna do Agreste (05/06/2025)",
        "url": "https://www.tribunadoagreste.com.br/geral/2025/06/05/104210-produtora-mato-grossense-grava-filme-inspirado-em-poemas-de-manoel-de-barros"
      },
      {
        "titulo": "Reel — Araraguaia Produções",
        "url": "https://www.instagram.com/reel/DMspSX8Mq_W/"
      },
      {
        "titulo": "Reel — Umbuzeiro Filmes",
        "url": "https://www.instagram.com/reel/DIAB5HBuKV0/"
      },
      {
        "titulo": "Reel — Memórias de Alice / trilogia",
        "url": "https://www.instagram.com/reel/DCVBvttuBuo/"
      },
      {
        "titulo": "Post — Elenco/realização (IG)",
        "url": "https://www.instagram.com/p/DO7RC2cjCah/"
      }
    ],
    "capa": ""
  },
  {
    "id": "oficinas-fazendo-um-filme-de-ficcao-2025",
    "titulo": "Ciclo de Oficinas — Fazendo um Filme de Ficção",
    "ano": 2025,
    "tipo": "Formação",
    "papel": "Realização",
    "status": "Concluído",
    "descricao": "Formação gratuita em etapas do set de ficção, realizada no Vale do Araguaia (MT).",
    "locacoes": "Vale do Araguaia (MT)",
    "links": [
      {
        "titulo": "Reel — Chamada para inscrições",
        "url": "https://www.instagram.com/reel/DLpv9W_Mfd1/"
      }
    ],
    "capa": ""
  },
  {
    "id": "selecao-de-elenco-menino-agua-peneira-2025",
    "titulo": "Seleção de Elenco — 'O Menino que Carregava Água na Peneira'",
    "ano": 2025,
    "tipo": "Casting",
    "papel": "Realização",
    "status": "Concluída",
    "descricao": "Processo de casting com prioridade para artistas do Vale do Araguaia (MT) e participação do sudoeste baiano.",
    "locacoes": "Bahia e Mato Grosso",
    "links": [
      {
        "titulo": "Notícia — Portal Mato Grosso (24/01/2025)",
        "url": "https://portalmatogrosso.com.br/inscricoes-abertas-para-elenco-do-primeiro-longa-metragem-do-vale-do-araguaia/"
      },
      {
        "titulo": "Notícia — Jornal Conquista (23/01/2025)",
        "url": "https://www.jornalconquista.com.br/2025/01/23/produtora-abre-selecao-de-elenco-para-novo-longa-metragem-da-trilogia-alice-dos-anjos/"
      },
      {
        "titulo": "Post — Bastidores de elenco (IG)",
        "url": "https://www.instagram.com/p/DNVxk80tT7E/"
      },
      {
        "titulo": "Post — Set na Escola Laura Vicuña (IG)",
        "url": "https://www.instagram.com/p/DO_VBvDjJRa/"
      }
    ],
    "capa": ""
  }
]